section_id	paragraph_id	alignment_status	primary_repo_refs	supporting_repo_refs	assessment_notes	remediation_priority	recommended_action
building_a_biso_program	P01	Exact	guides/BISO_GUIDE-02_Implementation.md#phase-1-strategic-foundation-months-1-3; guides/BISO_GUIDE-03_Roadmap.md#implementation-strategies	guides/BISO_GUIDE-03_Roadmap.md#parallel-work-streams	Repo explicitly supports non-linear/parallel execution rather than strict sequential steps.	P2	No change.
building_a_biso_program	P02	Exact	guides/BISO_GUIDE-02_Implementation.md#phase-0-pre-implementation-foundation-month-0	deliverables/BISOPRO-02_Problem_Statement.md#core-problems-the-biso-role-addresses	"Research demand" represented through readiness and foundation assessment activities.	P2	No change.
building_a_biso_program	P03	Exact	deliverables/BISOPRO-04_Stakeholder_Engagement_Protocols.md#stakeholder-analysis-framework; guides/BISO_GUIDE-02_Implementation.md#implementation-capacity-assessment	templates/BISO_TEMPLATE-01_Stakeholder_Mapping.md	Stakeholder interviews/surveys and demand validation are covered directly.	P2	No change.
building_a_biso_program	P04	Exact	guides/BISO_GUIDE-02_Implementation.md#strategic-objectives-and-organizational-outcomes	deliverables/BISOPRO-15_Strategic_Alignment.md#business-strategy-alignment	Objective-identification step is explicitly represented.	P2	No change.
building_a_biso_program	P05	Aligned	deliverables/BISOPRO-15_Strategic_Alignment.md#strategic-decision-requirements; deliverables/BISOPRO-17_Security_Consultation_Framework.md#consultation-service-portfolio	deliverables/BISOPRO-05_Success_Metrics.md#executive-summary	Business objectives listed in source are represented via strategic alignment + service uptake framing.	P2	No change.
building_a_biso_program	P06	Exact	deliverables/BISOPRO-15_Strategic_Alignment.md#primary-strategic-decision-alignment-model-selection; deliverables/BISOPRO-14_Executive_Sponsorship_Plan.md#executive-decision-matrix	core/03_Organizational_Design.md	Program origin/influence (security-led vs business-influenced) is reflected in alignment model and sponsorship design.	P2	No change.
building_a_biso_program	P07	Exact	guides/BISO_GUIDE-02_Implementation.md#implementation-capacity-assessment	core/05_Stakeholder_Engagement.md	Gather-data step exists as explicit implementation activity.	P2	No change.
building_a_biso_program	P08	Exact	deliverables/BISOPRO-04_Stakeholder_Engagement_Protocols.md#stakeholder-analysis-framework; guides/BISO_GUIDE-02_Implementation.md#implementation-capacity-assessment	guides/BISO_GUIDE-03_Roadmap.md#success-accelerators	Direct feedback collection, interviews, and peer benchmarking are present.	P2	No change.
building_a_biso_program	P09	Exact	deliverables/BISOPRO-04_Stakeholder_Engagement_Protocols.md#feedback-and-optimization	guides/BISO_GUIDE-02_Implementation.md#continuous-improvement	Theme/pattern prioritization is represented in feedback-to-action loops.	P2	No change.
building_a_biso_program	P10	Exact	guides/BISO_GUIDE-02_Implementation.md#operational-excellence-and-process-optimization; guides/BISO_GUIDE-03_Roadmap.md#critical-path-documents	deliverables/BISOPRO-09_Key_Processes_Implementation.md	Translation from findings to prioritized actions is covered by implementation planning artifacts.	P2	No change.
building_a_biso_program	P11	Exact	deliverables/BISOPRO-14_Executive_Sponsorship_Plan.md#executive-decision-matrix	deliverables/BISOPRO-11_Business_Case_ROI.md#executive-summary	Executive commitment strategy exists as dedicated framework.	P2	No change.
building_a_biso_program	P12	Exact	deliverables/BISOPRO-11_Business_Case_ROI.md#executive-summary; deliverables/BISOPRO-16_Competitive_Analysis.md#cost-of-inaction-analysis	deliverables/BISOPRO-14_Executive_Sponsorship_Plan.md#strategic-value-proposition	Data-driven ROI + cost of inaction + competitor framing are strongly represented.	P2	No change.
building_a_biso_program	P13	Exact	deliverables/BISOPRO-14_Executive_Sponsorship_Plan.md#executive-decision-matrix	deliverables/BISOPRO-11_Business_Case_ROI.md#executive-summary	Duplicate heading in source extraction.	P2	No change (source duplicate).
building_a_biso_program	P14	Exact	deliverables/BISOPRO-11_Business_Case_ROI.md#executive-summary; deliverables/BISOPRO-16_Competitive_Analysis.md#cost-of-inaction-analysis	deliverables/BISOPRO-14_Executive_Sponsorship_Plan.md#strategic-value-proposition	Duplicate of P12; repository remains aligned.	P2	No change (source duplicate).
building_a_biso_program	P15	Exact	deliverables/BISOPRO-04_Stakeholder_Engagement_Protocols.md#stakeholder-analysis-framework; deliverables/BISOPRO-03_Alignment_Model_Analysis.md#alignment-model-options	templates/BISO_TEMPLATE-01_Stakeholder_Mapping.md	Stakeholder segmentation by characteristics is explicitly present.	P2	No change.
building_a_biso_program	P16	Exact	deliverables/BISOPRO-02_Problem_Statement.md#core-problems-the-biso-role-addresses; deliverables/BISOPRO-15_Strategic_Alignment.md#business-strategy-alignment	deliverables/BISOPRO-06_Authority_Framework.md#risk-based-decision-making	Objective/problem/scope/risk-appetite alignment is covered directly.	P2	No change.
building_a_biso_program	P17	Exact	maturity/index.md#overview; guides/BISO_GUIDE-02_Implementation.md#phase-4-continuous-excellence-and-evolution-months-13-15	guides/BISO_GUIDE-03_Roadmap.md#visual-timeline-overview	Maturity model + high-level multi-year execution planning exists.	P2	No change.
building_a_biso_program	P18	Exact	deliverables/BISOPRO-14_Executive_Sponsorship_Plan.md#executive-decision-matrix	guides/BISO_GUIDE-02_Implementation.md#executive-commitment-and-governance	Secure-executive-support is represented as explicit gate.	P2	No change.
building_a_biso_program	P19	Exact	guides/BISO_GUIDE-02_Implementation.md#executive-commitment-and-governance; deliverables/BISOPRO-14_Executive_Sponsorship_Plan.md#governance-oversight-model	deliverables/BISOPRO-13_Executive_Briefing_Framework.md#board-reporting	Senior leadership + board buy-in and resource commitment are covered.	P2	No change.
building_a_biso_program	P20	Exact	deliverables/BISOPRO-09_Key_Processes_Implementation.md#core-process-areas; deliverables/BISOPRO-17_Security_Consultation_Framework.md#consultation-delivery-framework	guides/BISO_GUIDE-02_Implementation.md#operational-excellence-and-process-optimization	Framework-development step is fully represented.	P2	No change.
building_a_biso_program	P21	Aligned	guides/BISO_GUIDE-04_Customization.md#additional-customization-considerations; guides/BISO_GUIDE-04_Customization.md#nisti-cybersecurity-framework-20	guides/BISO_GUIDE-05_Technology_Strategy.md#enterprise-baseline-assessment	NIST/COBIT mapping is explicit; ITIL mention is present in source intent but less explicit in main implementation guides.	P1	Add a short ITIL reference in implementation/customization guidance for strict parity.
building_a_biso_program	P22	Exact	deliverables/BISOPRO-05_Success_Metrics.md#trust-framework-nts; deliverables/BISOPRO-13_Executive_Briefing_Framework.md#communication-impact-measurement	core/06_Success_Measurement.md	Reporting/metrics guidance is comprehensively represented.	P2	No change.
building_a_biso_program	P23	Exact	deliverables/BISOPRO-05_Success_Metrics.md#trust-framework-nts	deliverables/BISOPRO-13_Executive_Briefing_Framework.md#communication-impact-measurement	Duplicate of P22 in source extraction.	P2	No change (source duplicate).
building_a_biso_program	P24	Exact	deliverables/BISOPRO-17_Security_Consultation_Framework.md#consultation-request-and-intake-process; deliverables/BISOPRO-04_Stakeholder_Engagement_Protocols.md#engagement-strategy-framework	core/02_Service_Catalog.md	Output definition + stakeholder management process exist.	P2	No change.
building_a_biso_program	P25	Exact	deliverables/BISOPRO-17_Security_Consultation_Framework.md#consultation-quality-standards	deliverables/BISOPRO-10_Support_Structure.md#service-delivery-operations	Clear expectations for service quality/performance/response times are explicit.	P2	No change.
building_a_biso_program	P26	Exact	deliverables/BISOPRO-05_Success_Metrics.md#monthly-nts-survey; deliverables/BISOPRO-13_Executive_Briefing_Framework.md#communication-impact-measurement	core/06_Success_Measurement.md	Monitor-and-measure step is directly represented.	P2	No change.
building_a_biso_program	P27	Exact	deliverables/BISOPRO-05_Success_Metrics.md#executive-summary; deliverables/BISOPRO-13_Executive_Briefing_Framework.md#executive-dashboard	core/06_Success_Measurement.md	Methods/channels/metric definition are present in both strategic and operational measurement docs.	P2	No change.
building_a_biso_program	P28	Exact	deliverables/BISOPRO-13_Executive_Briefing_Framework.md#quarterly-executive-briefings; deliverables/BISOPRO-25_Escalation_Decision_Framework.md#communication-framework	deliverables/BISOPRO-07_Reporting_Structure.md#escalation-paths	Risk/status reporting to leadership/security team is explicit.	P2	No change.
building_a_biso_program	P29	Exact	deliverables/BISOPRO-04_Stakeholder_Engagement_Protocols.md#feedback-and-optimization; deliverables/BISOPRO-22_Business_Evolution_Framework.md#continuous-improvement-framework	deliverables/BISOPRO-05_Success_Metrics.md#implementation-roadmap-90-day-launch-plan	Feedback-loop requirement is explicitly implemented.	P2	No change.
building_a_biso_program	P30	Exact	deliverables/BISOPRO-24_Recruitment_Strategy.md#executive-summary; deliverables/BISOPRO-08_Job_Descriptions.md#overview	deliverables/BISOPRO-19_Training_Development_Programs.md#training-program-architecture	Build-team step exists as dedicated workstream.	P2	No change.
building_a_biso_program	P31	Aligned	deliverables/BISOPRO-08_Job_Descriptions.md#required-qualifications; deliverables/BISOPRO-24_Recruitment_Strategy.md#core-competency-requirements	deliverables/BISOPRO-23_Core_Competencies_Development.md#core-competency-framework	Repo covers qualifications but references BISOPRO docs instead of the companion-paper title.	P1	Optional provenance note linking companion paper in role/competency docs.
building_a_biso_program	P32	Aligned	deliverables/BISOPRO-10_Support_Structure.md#team-architecture-overview; guides/BISO_GUIDE-02_Implementation.md#team-building-and-human-capital-strategy	deliverables/BISOPRO-21_Challenge_Mitigation_Framework.md#challenge-management-philosophy	Cultural/foundational support for BISO success is covered.	P2	No change.
building_a_biso_program	P33	Aligned	deliverables/BISOPRO-19_Training_Development_Programs.md#executive-summary; deliverables/BISOPRO-20_Professional_Development_Framework.md#executive-summary	deliverables/BISOPRO-23_Core_Competencies_Development.md#competency-development-program	Training and ongoing skill maintenance are strongly represented.	P2	No change.
building_a_biso_program	P34	Aligned	deliverables/BISOPRO-08_Job_Descriptions.md#required-qualifications; deliverables/BISOPRO-24_Recruitment_Strategy.md#core-competency-requirements	deliverables/BISOPRO-23_Core_Competencies_Development.md	Duplicate of P31.	P2	No change (source duplicate).
building_a_biso_program	P35	Aligned	deliverables/BISOPRO-10_Support_Structure.md#team-architecture-overview; guides/BISO_GUIDE-02_Implementation.md#change-management-and-communication-strategy	deliverables/BISOPRO-21_Challenge_Mitigation_Framework.md	Duplicate of P32.	P2	No change (source duplicate).
building_a_biso_program	P36	Aligned	deliverables/BISOPRO-19_Training_Development_Programs.md#continuous-professional-development-framework; deliverables/BISOPRO-20_Professional_Development_Framework.md#skills-development-framework	deliverables/BISOPRO-23_Core_Competencies_Development.md	Duplicate of P33.	P2	No change (source duplicate).
building_a_biso_program	P37	Exact	deliverables/BISOPRO-24_Recruitment_Strategy.md#90-day-onboarding-framework; deliverables/BISOPRO-08_Job_Descriptions.md#biso-onboarding-and-integration-implementation-guide	deliverables/BISOPRO-19_Training_Development_Programs.md#foundational-biso-training-program	Onboarding playbook with role/business/regulatory context and ongoing updates is represented.	P2	No change.
building_a_biso_program	P38	Exact	deliverables/BISOPRO-24_Recruitment_Strategy.md#onboarding-program	deliverables/BISOPRO-19_Training_Development_Programs.md#implementation-roadmap	Recruit-and-train step is explicit.	P2	No change.
building_a_biso_program	P39	Exact	guides/BISO_GUIDE-05_Technology_Strategy.md#executive-summary; deliverables/BISOPRO-10_Support_Structure.md#technology-stack-overview	deliverables/BISOPRO-17_Security_Consultation_Framework.md#consultation-request-and-intake-process	Technology-enablement step exists as dedicated strategy.	P2	No change.
building_a_biso_program	P40	Exact	guides/BISO_GUIDE-05_Technology_Strategy.md#biso-specific-technology-requirements; deliverables/BISOPRO-10_Support_Structure.md#service-delivery-operations	deliverables/BISOPRO-17_Security_Consultation_Framework.md	Service-management tools/portals/technology support are represented directly.	P2	No change.
building_a_biso_program	P41	Exact	deliverables/BISOPRO-21_Challenge_Mitigation_Framework.md#challenge-management-philosophy; deliverables/BISOPRO-22_Business_Evolution_Framework.md#continuous-improvement-framework	deliverables/BISOPRO-10_Support_Structure.md#service-delivery-operations	Enable-success step is represented with culture + continuous-improvement structures.	P2	No change.
building_a_biso_program	P42	Aligned	deliverables/BISOPRO-17_Security_Consultation_Framework.md#consultation-quality-standards; deliverables/BISOPRO-10_Support_Structure.md#service-delivery-operations	guides/BISO_GUIDE-05_Technology_Strategy.md#biso-specific-technology-requirements	Service-oriented culture and automation support are present, though wording differs.	P2	No change.
building_a_biso_program	P43	Exact	deliverables/BISOPRO-22_Business_Evolution_Framework.md#continuous-improvement-framework; maturity/index.md#overview	deliverables/BISOPRO-04_Stakeholder_Engagement_Protocols.md#feedback-and-optimization	Feedback-driven maturation and phased expansion by enterprise maturity are directly aligned.	P2	No change.
